<?xml version="1.0" encoding="utf-8"?>
<!DOCTYPE hibernate-mapping PUBLIC "-//Hibernate/Hibernate Mapping DTD 3.0//EN"
"http://hibernate.sourceforge.net/hibernate-mapping-3.0.dtd">
<!-- 
    Mapping file autogenerated by MyEclipse Persistence Tools
-->
<hibernate-mapping>
    <class name="cn.itcast.domain.Student" table="student" catalog="ssh2">
        <id name="stuId" type="java.lang.String">
            <column name="stu_id" length="20" />
            <generator class="native" />
        </id>
        <property name="name" type="java.lang.String">
            <column name="name" length="50" not-null="true" />
        </property>
        <property name="type" type="java.lang.String">
            <column name="type" length="25" not-null="true" />
        </property>
        <property name="age" type="java.lang.Integer">
            <column name="age" not-null="true" />
        </property>
        <property name="gender" type="java.lang.String">
            <column name="gender" length="25" not-null="true" />
        </property>
        <property name="class_" type="java.lang.String">
            <column name="class" length="50" not-null="true" />
        </property>
        <property name="speciality" type="java.lang.String">
            <column name="speciality" />
        </property>
        <property name="scoreChinese" type="java.lang.Integer">
            <column name="score_Chinese" />
        </property>
        <property name="scoreMath" type="java.lang.Integer">
            <column name="score_Math" />
        </property>
        <property name="scoreEnglish" type="java.lang.Integer">
            <column name="score_English" />
        </property>
        <property name="scoreGeography" type="java.lang.Integer">
            <column name="score_Geography" />
        </property>
        <property name="scoreHistory" type="java.lang.Integer">
            <column name="score_History" />
        </property>
        <property name="address" type="java.lang.String">
            <column name="address" />
        </property>
        <property name="telephoneNumber" type="java.lang.String">
            <column name="telephone_number" length="25" />
        </property>
    </class>
</hibernate-mapping>
