<?xml version="1.0" encoding="utf-8"?>
<!DOCTYPE hibernate-mapping PUBLIC "-//Hibernate/Hibernate Mapping DTD 3.0//EN"
"http://hibernate.sourceforge.net/hibernate-mapping-3.0.dtd">
<!-- 
    Mapping file autogenerated by MyEclipse Persistence Tools
-->
<hibernate-mapping>
    <class name="cn.itcast.domain.User" table="user" catalog="ssh2">
        <id name="id" type="java.lang.Integer">
            <column name="id" />
            <generator class="native" />
        </id>
        <property name="username" type="java.lang.String">
            <column name="username" length="20" />
        </property>
        <property name="password" type="java.lang.String">
            <column name="password" length="50" not-null="true" />
        </property>
        <property name="realname" type="java.lang.String">
            <column name="realname" length="20" not-null="true" />
        </property>
    </class>
</hibernate-mapping>
