<?xml version="1.0" encoding="UTF-8"?>
<beans xmlns="http://www.springframework.org/schema/beans"
	xmlns:xsi="http://www.w3.org/2001/XMLSchema-instance" xmlns:context="http://www.springframework.org/schema/context"
	xmlns:tx="http://www.springframework.org/schema/tx" xmlns:aop="http://www.springframework.org/schema/aop"
	xsi:schemaLocation="http://www.springframework.org/schema/beans        
 	             http://www.springframework.org/schema/beans/spring-beans.xsd
 	       		 http://www.springframework.org/schema/context        		 
 	             http://www.springframework.org/schema/context/spring-context.xsd
 	       		 http://www.springframework.org/schema/tx 
 	       		 http://www.springframework.org/schema/tx/spring-tx.xsd
 	       		 http://www.springframework.org/schema/aop 
 	       		 http://www.springframework.org/schema/aop/spring-aop.xsd">
	<!-- 1 配置SessionFactory -->
	<bean id="sessionFactory"
		class="org.springframework.orm.hibernate3.LocalSessionFactoryBean">
		<!-- 加载hibernate核心配置文件 -->
		<property name="configLocation" value="classpath:hibernate.cfg.xml">
		</property>
	</bean>
	<!-- 2 配置hibernate模板 -->
	<bean id="hibernateTemplate" class="org.springframework.orm.hibernate3.HibernateTemplate">
		<!-- 通过工厂获得session，操作PO类 -->
		<property name="sessionFactory" ref="sessionFactory"></property>
	</bean>
	<!-- 3 配置dao -->
	<!-- 用户层 -->
	<bean id="userDao" class="cn.itcast.dao.impl.UserDaoImpl">
		<property name="hibernateTemplate" ref="hibernateTemplate">
		</property>
	</bean>
	<!-- 学生层 -->
	<bean id="studentDao" class="cn.itcast.dao.impl.StudentDaoImpl">
		<property name="hibernateTemplate" ref="hibernateTemplate">
		</property>
	</bean>
	<!-- 4 配置service -->
	<!-- 用户层 -->
	<bean id="userService" class="cn.itcast.service.impl.UserServiceImpl">
		<property name="userDao" ref="userDao"></property>
	</bean>
	<!-- 将userService注入到userAction -->
	<bean id="userAction" class="cn.itcast.action.UserAction" scope="prototype">
		<property name="userService" ref="userService"></property>
	</bean>
	<!-- 学生层 -->
	<bean id="studentService" class="cn.itcast.service.impl.StudentServiceImpl">
		<property name="studentDao" ref="studentDao"></property>
	</bean>
	<!-- 将studentService注入到studentAction -->
	<bean id="studentAction" class="cn.itcast.action.StudentAction" scope="prototype">
		<property name="studentService" ref="studentService"></property>
	</bean>
	<!-- 事务管理 -->
	<!-- #1 事务管理器,就是平台，spring工具产生，依赖于使用 持久方案（hibernate、jdbc等） -->
	<bean id="txManager" class="org.springframework.orm.hibernate3.HibernateTransactionManager">
		<property name="sessionFactory" ref="sessionFactory"></property>
	</bean>
	<!-- #2 通知：增强事务 -->
	<tx:advice id="txAdvice" transaction-manager="txManager">
		<tx:attributes>
			<tx:method name="save*" />
			<tx:method name="update*" />
			<tx:method name="delete*" />
			<tx:method name="find*" read-only="true" />
		</tx:attributes>
	</tx:advice>
	<!-- #3 切面：将切入点 与 通知 关联 -->
	<aop:config>
		<aop:advisor advice-ref="txAdvice"
			pointcut="execution(* cn.itcast.service..*.*(..))" />
	</aop:config>

</beans>
