<?xml version="1.0" encoding="UTF-8"?>
<beans xmlns="http://www.springframework.org/schema/beans"
	xmlns:xsi="http://www.w3.org/2001/XMLSchema-instance" xmlns:context="http://www.springframework.org/schema/context"
	xmlns:tx="http://www.springframework.org/schema/tx" xmlns:aop="http://www.springframework.org/schema/aop"
	xsi:schemaLocation="http://www.springframework.org/schema/beans        
 	             http://www.springframework.org/schema/beans/spring-beans.xsd
 	       		 http://www.springframework.org/schema/context        		 
 	             http://www.springframework.org/schema/context/spring-context.xsd
 	       		 http://www.springframework.org/schema/tx 
 	       		 http://www.springframework.org/schema/tx/spring-tx.xsd
 	       		 http://www.springframework.org/schema/aop 
 	       		 http://www.springframework.org/schema/aop/spring-aop.xsd">
	<!-- 0.1 加载properties -->
	<context:property-placeholder location="classpath:c3p0-db.properties" />
	<!-- 0.2 配置数据源 -->
	<bean id="dataSource" class="com.mchange.v2.c3p0.ComboPooledDataSource">
		<property name="driverClass" value="${jdbc.driverClass}"></property>
		<property name="jdbcUrl" value="${jdbc.jdbcUrl}"></property>
		<property name="user" value="${jdbc.user}"></property>
		<property name="password" value="${jdbc.password}"></property>
	</bean>
	<!-- 1 配置SessionFactory -->
	<bean id="sessionFactory"
		class="org.springframework.orm.hibernate3.LocalSessionFactoryBean">
		<!-- 1.1 配置数据源 -->
		<property name="dataSource" ref="dataSource"></property>
		<!-- 1.2 其他配置项 ,要使用hibernate全属性名，如果hibernate.不要省略 -->
		<property name="hibernateProperties">
			<props>
				<prop key="hibernate.dialect">
					org.hibernate.dialect.MySQL5Dialect
 				</prop>
				<prop key="hibernate.show_sql">true</prop>
				<prop key="hibernate.format_sql">true</prop>
				<prop key="hibernate.hbm2ddl.auto">update</prop>
				<prop key="javax.persistence.validation.mode">none</prop>
				<prop key="hibernate.current_session_context_class">thread</prop>
				<prop key=""></prop>
			</props>
		</property>
		<!-- 1.3 配置映射文件 -->
		<property name="mappingResources" value="cn/itcast/domain/User.hbm.xml"></property>
	</bean>
	<!-- 2 配置dao -->
	<bean id="userDao" class="cn.itcast.dao.impl.UserDaoImpl">
		<property name="sessionFactory" ref="sessionFactory"></property>
	</bean>
	<!-- 3 配置service -->
	<bean id="userService" class="cn.itcast.service.impl.UserServiceImpl">
		<property name="userDao" ref="userDao"></property>
	</bean>
	
	<bean id="userAction" class="cn.itcast.action.UserAction" scope="prototype">
		<property name="userService" ref="userService"></property>
	</bean>

	<!-- 4 事务管理 -->
	<!-- #1 事务管理器,就是平台，spring工具产生， 依赖于使用 持久方案（hibernate、jdbc等） -->
	<bean id="txManager"
		class="org.springframework.orm.hibernate3.HibernateTransactionManager">
		<property name="sessionFactory" ref="sessionFactory"></property>
	</bean>
	<!-- #2 通知：增强事务 -->
	<tx:advice id="txAdvice" transaction-manager="txManager">
		<tx:attributes>
			<tx:method name="save*" />
			<tx:method name="update*" />
			<tx:method name="delete*" />
			<tx:method name="find*" read-only="true" />
		</tx:attributes>
	</tx:advice>
	<!-- #3 切面：将切入点 与 通知 关联 -->
	<aop:config>
		<aop:advisor advice-ref="txAdvice"
			pointcut="execution(* cn.itcast.service..*.*(..))" />
	</aop:config>

</beans>
