<?xml version='1.0' encoding='UTF-8'?>
<!DOCTYPE hibernate-configuration PUBLIC
          "-//Hibernate/Hibernate Configuration DTD 3.0//EN"
          "http://hibernate.sourceforge.net/hibernate-configuration-3.0.dtd">
<!-- Generated by MyEclipse Hibernate Tools.                   -->
<hibernate-configuration>

	<session-factory>
		<!-- 1 基本4项 -->
		<property name="dialect">
			org.hibernate.dialect.MySQLDialect
		</property>
		<property name="connection.url">
			jdbc:mysql://localhost:3306/ssh2?useUnicode=true&amp;characterEncoding=utf-8
		</property>
		<property name="connection.username">root</property>
		<property name="connection.password">diandian157166</property>
		<property name="connection.driver_class">
			com.mysql.jdbc.Driver
		</property>
		<property name="myeclipse.connection.profile">mysql</property>
		<!-- 2 方言 -->
		<property name="dialect">
			org.hibernate.dialect.MySQL5Dialect
		</property>
		<!-- 3 sql -->
		<property name="show_sql">true</property>
		<property name="format_sql">true</property>
		<property name="hbm2ddl.auto">update</property>
		<!-- 4 取消bean校验 -->
		<property name="javax.persistence.validation.mode">
			none
		</property>
		<!-- 5整合c3p0 -->
		<property name="hibernate.connection.provider_class">
			org.hibernate.connection.C3P0ConnectionProvider
		</property>
		<property name="hibernate.connection.autocommit">true</property>

		<!-- 可以添加映射文件 -->
		<mapping resource="cn/itcast/domain/User.hbm.xml" />
		<mapping resource="cn/itcast/domain/Student.hbm.xml" />
	</session-factory>

</hibernate-configuration>