<?xml version="1.0" encoding="UTF-8" ?>
<!DOCTYPE struts PUBLIC "-//Apache Software Foundation//DTD Struts Configuration 2.1//EN" "http://struts.apache.org/dtds/struts-2.1.dtd">
<struts>
	<!--伪装action-->
	<!--
	<package name="struts2" namespace="/" extends="struts-default">
		<action name="m">
			<result>/index.jsp</result>
		</action>
	</package>
	-->
	<!--开发者模式 -->
	<constant name="struts.devMode" value="true"></constant>
	<package name="ssh" namespace="/" extends="struts-default">
	<!-- 防止重复提交action -->
		<action name="testToken" class="cn.itcast.action.TokenAction">
			<interceptor-ref name="defaultStack"></interceptor-ref>
			<interceptor-ref name="token"></interceptor-ref>
            <result name="input">/add*.jsp</result>
            <result name="invalid.token">/error1.jsp</result>
		</action>
	<!-- 登录action配置 -->
		<action name="login" class="cn.itcast.action.LoginAction" >
			<result name="success">/index.jsp</result>
			<result name="error">/login.jsp</result>
		</action>
	<!--action的创建交予Spring -->
		<action name="userAction_*" class="userAction" method="{1}">
			<result name="{1}">/{1}.jsp</result>
		</action>
	<!-- 对学生操作的action -->
	<!-- 添加学生 -->
		<action name="studentAction_addStudent" class="studentAction" method="addStudent">
			<result name="addStudent">/addstudent.html</result>
		</action>
	<!-- 删除学生 -->
		<action name="studentAction_delStudent" class="studentAction" method="delStudent">
			<result name="delStudent">/del.jsp</result>
		</action>
	<!-- 查找学生 -->
		<action name="studentAction_findStuByStuId" class="studentAction" method="findStuByStuId">
			<result name="findStuByStuId">/findstudent.jsp</result>
		</action>
		<action name="studentAction_findStuByName" class="studentAction" method="findStuByName">
			<result name="findStuByName">/findstudent.jsp</result>
		</action>
		<action name="dis" class="studentAction">
			<result name="success">/findstudent.jsp</result>
		</action>
	</package>
</struts>    
